{"ContentRoots":["C:\\_Dev\\_git\\ChM40\\TestUno\\TestUno\\TestUno.Wasm\\bin\\Release\\net7.0\\dist\\","C:\\_Dev\\_git\\ChM40\\TestUno\\TestUno\\TestUno.Wasm\\wwwroot\\"],"Root":{"Children":{"index.html":{"Children":null,"Asset":{"ContentRootIndex":0,"SubPath":"index.html"},"Patterns":null},"service-worker.js":{"Children":null,"Asset":{"ContentRootIndex":0,"SubPath":"service-worker.js"},"Patterns":null},"package_6d919e09aeb40267402d4769365e1ed1ed28f9f6":{"Children":{"AppManifest.js":{"Children":null,"Asset":{"ContentRootIndex":0,"SubPath":"package_6d919e09aeb40267402d4769365e1ed1ed28f9f6/AppManifest.js"},"Patterns":null},"corebindings.c":{"Children":null,"Asset":{"ContentRootIndex":0,"SubPath":"package_6d919e09aeb40267402d4769365e1ed1ed28f9f6/corebindings.c"},"Patterns":null},"dotnet-legacy.d.ts":{"Children":null,"Asset":{"ContentRootIndex":0,"SubPath":"package_6d919e09aeb40267402d4769365e1ed1ed28f9f6/dotnet-legacy.d.ts"},"Patterns":null},"dotnet.d.ts":{"Children":null,"Asset":{"ContentRootIndex":0,"SubPath":"package_6d919e09aeb40267402d4769365e1ed1ed28f9f6/dotnet.d.ts"},"Patterns":null},"dotnet.js":{"Children":null,"Asset":{"ContentRootIndex":0,"SubPath":"package_6d919e09aeb40267402d4769365e1ed1ed28f9f6/dotnet.js"},"Patterns":null},"dotnet.js.symbols":{"Children":null,"Asset":{"ContentRootIndex":0,"SubPath":"package_6d919e09aeb40267402d4769365e1ed1ed28f9f6/dotnet.js.symbols"},"Patterns":null},"dotnet.timezones.blat":{"Children":null,"Asset":{"ContentRootIndex":0,"SubPath":"package_6d919e09aeb40267402d4769365e1ed1ed28f9f6/dotnet.timezones.blat"},"Patterns":null},"dotnet.wasm":{"Children":null,"Asset":{"ContentRootIndex":0,"SubPath":"package_6d919e09aeb40267402d4769365e1ed1ed28f9f6/dotnet.wasm"},"Patterns":null},"driver.c":{"Children":null,"Asset":{"ContentRootIndex":0,"SubPath":"package_6d919e09aeb40267402d4769365e1ed1ed28f9f6/driver.c"},"Patterns":null},"emcc-compile.rsp":{"Children":null,"Asset":{"ContentRootIndex":0,"SubPath":"package_6d919e09aeb40267402d4769365e1ed1ed28f9f6/emcc-compile.rsp"},"Patterns":null},"emcc-default.rsp":{"Children":null,"Asset":{"ContentRootIndex":0,"SubPath":"package_6d919e09aeb40267402d4769365e1ed1ed28f9f6/emcc-default.rsp"},"Patterns":null},"emcc-link.rsp":{"Children":null,"Asset":{"ContentRootIndex":0,"SubPath":"package_6d919e09aeb40267402d4769365e1ed1ed28f9f6/emcc-link.rsp"},"Patterns":null},"emcc-props.json":{"Children":null,"Asset":{"ContentRootIndex":0,"SubPath":"package_6d919e09aeb40267402d4769365e1ed1ed28f9f6/emcc-props.json"},"Patterns":null},"Fonts.css":{"Children":null,"Asset":{"ContentRootIndex":0,"SubPath":"package_6d919e09aeb40267402d4769365e1ed1ed28f9f6/Fonts.css"},"Patterns":null},"gc-common.h":{"Children":null,"Asset":{"ContentRootIndex":0,"SubPath":"package_6d919e09aeb40267402d4769365e1ed1ed28f9f6/gc-common.h"},"Patterns":null},"icudt.dat":{"Children":null,"Asset":{"ContentRootIndex":0,"SubPath":"package_6d919e09aeb40267402d4769365e1ed1ed28f9f6/icudt.dat"},"Patterns":null},"icudt_CJK.dat":{"Children":null,"Asset":{"ContentRootIndex":0,"SubPath":"package_6d919e09aeb40267402d4769365e1ed1ed28f9f6/icudt_CJK.dat"},"Patterns":null},"icudt_EFIGS.dat":{"Children":null,"Asset":{"ContentRootIndex":0,"SubPath":"package_6d919e09aeb40267402d4769365e1ed1ed28f9f6/icudt_EFIGS.dat"},"Patterns":null},"icudt_no_CJK.dat":{"Children":null,"Asset":{"ContentRootIndex":0,"SubPath":"package_6d919e09aeb40267402d4769365e1ed1ed28f9f6/icudt_no_CJK.dat"},"Patterns":null},"jquery-pep.js":{"Children":null,"Asset":{"ContentRootIndex":0,"SubPath":"package_6d919e09aeb40267402d4769365e1ed1ed28f9f6/jquery-pep.js"},"Patterns":null},"lottie.js":{"Children":null,"Asset":{"ContentRootIndex":0,"SubPath":"package_6d919e09aeb40267402d4769365e1ed1ed28f9f6/lottie.js"},"Patterns":null},"mono-config.json":{"Children":null,"Asset":{"ContentRootIndex":0,"SubPath":"package_6d919e09aeb40267402d4769365e1ed1ed28f9f6/mono-config.json"},"Patterns":null},"normalize.css":{"Children":null,"Asset":{"ContentRootIndex":0,"SubPath":"package_6d919e09aeb40267402d4769365e1ed1ed28f9f6/normalize.css"},"Patterns":null},"package.json":{"Children":null,"Asset":{"ContentRootIndex":0,"SubPath":"package_6d919e09aeb40267402d4769365e1ed1ed28f9f6/package.json"},"Patterns":null},"pal_random.lib.js":{"Children":null,"Asset":{"ContentRootIndex":0,"SubPath":"package_6d919e09aeb40267402d4769365e1ed1ed28f9f6/pal_random.lib.js"},"Patterns":null},"pinvoke.c":{"Children":null,"Asset":{"ContentRootIndex":0,"SubPath":"package_6d919e09aeb40267402d4769365e1ed1ed28f9f6/pinvoke.c"},"Patterns":null},"pinvoke.h":{"Children":null,"Asset":{"ContentRootIndex":0,"SubPath":"package_6d919e09aeb40267402d4769365e1ed1ed28f9f6/pinvoke.h"},"Patterns":null},"require.js":{"Children":null,"Asset":{"ContentRootIndex":0,"SubPath":"package_6d919e09aeb40267402d4769365e1ed1ed28f9f6/require.js"},"Patterns":null},"runtime.js":{"Children":null,"Asset":{"ContentRootIndex":0,"SubPath":"package_6d919e09aeb40267402d4769365e1ed1ed28f9f6/runtime.js"},"Patterns":null},"setImmediate.js":{"Children":null,"Asset":{"ContentRootIndex":0,"SubPath":"package_6d919e09aeb40267402d4769365e1ed1ed28f9f6/setImmediate.js"},"Patterns":null},"TestUno.Wasm.exe":{"Children":null,"Asset":{"ContentRootIndex":0,"SubPath":"package_6d919e09aeb40267402d4769365e1ed1ed28f9f6/TestUno.Wasm.exe"},"Patterns":null},"uno-assets.txt":{"Children":null,"Asset":{"ContentRootIndex":0,"SubPath":"package_6d919e09aeb40267402d4769365e1ed1ed28f9f6/uno-assets.txt"},"Patterns":null},"uno-bootstrap.css":{"Children":null,"Asset":{"ContentRootIndex":0,"SubPath":"package_6d919e09aeb40267402d4769365e1ed1ed28f9f6/uno-bootstrap.css"},"Patterns":null},"uno-bootstrap.js":{"Children":null,"Asset":{"ContentRootIndex":0,"SubPath":"package_6d919e09aeb40267402d4769365e1ed1ed28f9f6/uno-bootstrap.js"},"Patterns":null},"uno-config.js":{"Children":null,"Asset":{"ContentRootIndex":0,"SubPath":"package_6d919e09aeb40267402d4769365e1ed1ed28f9f6/uno-config.js"},"Patterns":null},"uno-lottie.js":{"Children":null,"Asset":{"ContentRootIndex":0,"SubPath":"package_6d919e09aeb40267402d4769365e1ed1ed28f9f6/uno-lottie.js"},"Patterns":null},"Uno.UI.css":{"Children":null,"Asset":{"ContentRootIndex":0,"SubPath":"package_6d919e09aeb40267402d4769365e1ed1ed28f9f6/Uno.UI.css"},"Patterns":null},"Uno.UI.js":{"Children":null,"Asset":{"ContentRootIndex":0,"SubPath":"package_6d919e09aeb40267402d4769365e1ed1ed28f9f6/Uno.UI.js"},"Patterns":null},"wasm-config.h":{"Children":null,"Asset":{"ContentRootIndex":0,"SubPath":"package_6d919e09aeb40267402d4769365e1ed1ed28f9f6/wasm-config.h"},"Patterns":null},"Assets":{"Children":{"SplashScreen.png":{"Children":null,"Asset":{"ContentRootIndex":0,"SubPath":"package_6d919e09aeb40267402d4769365e1ed1ed28f9f6/Assets/SplashScreen.png"},"Patterns":null}},"Asset":null,"Patterns":null},"managed":{"Children":{"Microsoft.Extensions.DependencyInjection.Abstractions.clr":{"Children":null,"Asset":{"ContentRootIndex":0,"SubPath":"package_6d919e09aeb40267402d4769365e1ed1ed28f9f6/managed/Microsoft.Extensions.DependencyInjection.Abstractions.clr"},"Patterns":null},"Microsoft.Extensions.Options.clr":{"Children":null,"Asset":{"ContentRootIndex":0,"SubPath":"package_6d919e09aeb40267402d4769365e1ed1ed28f9f6/managed/Microsoft.Extensions.Options.clr"},"Patterns":null},"Microsoft.Extensions.Primitives.clr":{"Children":null,"Asset":{"ContentRootIndex":0,"SubPath":"package_6d919e09aeb40267402d4769365e1ed1ed28f9f6/managed/Microsoft.Extensions.Primitives.clr"},"Patterns":null},"netstandard.clr":{"Children":null,"Asset":{"ContentRootIndex":0,"SubPath":"package_6d919e09aeb40267402d4769365e1ed1ed28f9f6/managed/netstandard.clr"},"Patterns":null},"netstandard.pdb":{"Children":null,"Asset":{"ContentRootIndex":0,"SubPath":"package_6d919e09aeb40267402d4769365e1ed1ed28f9f6/managed/netstandard.pdb"},"Patterns":null},"System.clr":{"Children":null,"Asset":{"ContentRootIndex":0,"SubPath":"package_6d919e09aeb40267402d4769365e1ed1ed28f9f6/managed/System.clr"},"Patterns":null},"System.Collections.clr":{"Children":null,"Asset":{"ContentRootIndex":0,"SubPath":"package_6d919e09aeb40267402d4769365e1ed1ed28f9f6/managed/System.Collections.clr"},"Patterns":null},"System.Collections.Concurrent.clr":{"Children":null,"Asset":{"ContentRootIndex":0,"SubPath":"package_6d919e09aeb40267402d4769365e1ed1ed28f9f6/managed/System.Collections.Concurrent.clr"},"Patterns":null},"System.Collections.Concurrent.pdb":{"Children":null,"Asset":{"ContentRootIndex":0,"SubPath":"package_6d919e09aeb40267402d4769365e1ed1ed28f9f6/managed/System.Collections.Concurrent.pdb"},"Patterns":null},"System.Collections.Immutable.clr":{"Children":null,"Asset":{"ContentRootIndex":0,"SubPath":"package_6d919e09aeb40267402d4769365e1ed1ed28f9f6/managed/System.Collections.Immutable.clr"},"Patterns":null},"System.Collections.Immutable.pdb":{"Children":null,"Asset":{"ContentRootIndex":0,"SubPath":"package_6d919e09aeb40267402d4769365e1ed1ed28f9f6/managed/System.Collections.Immutable.pdb"},"Patterns":null},"System.Collections.NonGeneric.clr":{"Children":null,"Asset":{"ContentRootIndex":0,"SubPath":"package_6d919e09aeb40267402d4769365e1ed1ed28f9f6/managed/System.Collections.NonGeneric.clr"},"Patterns":null},"System.Collections.NonGeneric.pdb":{"Children":null,"Asset":{"ContentRootIndex":0,"SubPath":"package_6d919e09aeb40267402d4769365e1ed1ed28f9f6/managed/System.Collections.NonGeneric.pdb"},"Patterns":null},"System.Collections.pdb":{"Children":null,"Asset":{"ContentRootIndex":0,"SubPath":"package_6d919e09aeb40267402d4769365e1ed1ed28f9f6/managed/System.Collections.pdb"},"Patterns":null},"System.Collections.Specialized.clr":{"Children":null,"Asset":{"ContentRootIndex":0,"SubPath":"package_6d919e09aeb40267402d4769365e1ed1ed28f9f6/managed/System.Collections.Specialized.clr"},"Patterns":null},"System.Collections.Specialized.pdb":{"Children":null,"Asset":{"ContentRootIndex":0,"SubPath":"package_6d919e09aeb40267402d4769365e1ed1ed28f9f6/managed/System.Collections.Specialized.pdb"},"Patterns":null},"System.ComponentModel.clr":{"Children":null,"Asset":{"ContentRootIndex":0,"SubPath":"package_6d919e09aeb40267402d4769365e1ed1ed28f9f6/managed/System.ComponentModel.clr"},"Patterns":null},"System.ComponentModel.pdb":{"Children":null,"Asset":{"ContentRootIndex":0,"SubPath":"package_6d919e09aeb40267402d4769365e1ed1ed28f9f6/managed/System.ComponentModel.pdb"},"Patterns":null},"System.ComponentModel.Primitives.clr":{"Children":null,"Asset":{"ContentRootIndex":0,"SubPath":"package_6d919e09aeb40267402d4769365e1ed1ed28f9f6/managed/System.ComponentModel.Primitives.clr"},"Patterns":null},"System.ComponentModel.Primitives.pdb":{"Children":null,"Asset":{"ContentRootIndex":0,"SubPath":"package_6d919e09aeb40267402d4769365e1ed1ed28f9f6/managed/System.ComponentModel.Primitives.pdb"},"Patterns":null},"System.ComponentModel.TypeConverter.clr":{"Children":null,"Asset":{"ContentRootIndex":0,"SubPath":"package_6d919e09aeb40267402d4769365e1ed1ed28f9f6/managed/System.ComponentModel.TypeConverter.clr"},"Patterns":null},"System.ComponentModel.TypeConverter.pdb":{"Children":null,"Asset":{"ContentRootIndex":0,"SubPath":"package_6d919e09aeb40267402d4769365e1ed1ed28f9f6/managed/System.ComponentModel.TypeConverter.pdb"},"Patterns":null},"System.Console.clr":{"Children":null,"Asset":{"ContentRootIndex":0,"SubPath":"package_6d919e09aeb40267402d4769365e1ed1ed28f9f6/managed/System.Console.clr"},"Patterns":null},"System.Console.pdb":{"Children":null,"Asset":{"ContentRootIndex":0,"SubPath":"package_6d919e09aeb40267402d4769365e1ed1ed28f9f6/managed/System.Console.pdb"},"Patterns":null},"System.Core.clr":{"Children":null,"Asset":{"ContentRootIndex":0,"SubPath":"package_6d919e09aeb40267402d4769365e1ed1ed28f9f6/managed/System.Core.clr"},"Patterns":null},"System.Core.pdb":{"Children":null,"Asset":{"ContentRootIndex":0,"SubPath":"package_6d919e09aeb40267402d4769365e1ed1ed28f9f6/managed/System.Core.pdb"},"Patterns":null},"System.Drawing.clr":{"Children":null,"Asset":{"ContentRootIndex":0,"SubPath":"package_6d919e09aeb40267402d4769365e1ed1ed28f9f6/managed/System.Drawing.clr"},"Patterns":null},"System.Drawing.pdb":{"Children":null,"Asset":{"ContentRootIndex":0,"SubPath":"package_6d919e09aeb40267402d4769365e1ed1ed28f9f6/managed/System.Drawing.pdb"},"Patterns":null},"System.Drawing.Primitives.clr":{"Children":null,"Asset":{"ContentRootIndex":0,"SubPath":"package_6d919e09aeb40267402d4769365e1ed1ed28f9f6/managed/System.Drawing.Primitives.clr"},"Patterns":null},"System.Drawing.Primitives.pdb":{"Children":null,"Asset":{"ContentRootIndex":0,"SubPath":"package_6d919e09aeb40267402d4769365e1ed1ed28f9f6/managed/System.Drawing.Primitives.pdb"},"Patterns":null},"System.Linq.clr":{"Children":null,"Asset":{"ContentRootIndex":0,"SubPath":"package_6d919e09aeb40267402d4769365e1ed1ed28f9f6/managed/System.Linq.clr"},"Patterns":null},"System.Linq.Expressions.clr":{"Children":null,"Asset":{"ContentRootIndex":0,"SubPath":"package_6d919e09aeb40267402d4769365e1ed1ed28f9f6/managed/System.Linq.Expressions.clr"},"Patterns":null},"System.Linq.Expressions.pdb":{"Children":null,"Asset":{"ContentRootIndex":0,"SubPath":"package_6d919e09aeb40267402d4769365e1ed1ed28f9f6/managed/System.Linq.Expressions.pdb"},"Patterns":null},"System.Linq.pdb":{"Children":null,"Asset":{"ContentRootIndex":0,"SubPath":"package_6d919e09aeb40267402d4769365e1ed1ed28f9f6/managed/System.Linq.pdb"},"Patterns":null},"System.Linq.Queryable.clr":{"Children":null,"Asset":{"ContentRootIndex":0,"SubPath":"package_6d919e09aeb40267402d4769365e1ed1ed28f9f6/managed/System.Linq.Queryable.clr"},"Patterns":null},"System.Linq.Queryable.pdb":{"Children":null,"Asset":{"ContentRootIndex":0,"SubPath":"package_6d919e09aeb40267402d4769365e1ed1ed28f9f6/managed/System.Linq.Queryable.pdb"},"Patterns":null},"System.Memory.clr":{"Children":null,"Asset":{"ContentRootIndex":0,"SubPath":"package_6d919e09aeb40267402d4769365e1ed1ed28f9f6/managed/System.Memory.clr"},"Patterns":null},"System.Memory.pdb":{"Children":null,"Asset":{"ContentRootIndex":0,"SubPath":"package_6d919e09aeb40267402d4769365e1ed1ed28f9f6/managed/System.Memory.pdb"},"Patterns":null},"System.Net.Http.clr":{"Children":null,"Asset":{"ContentRootIndex":0,"SubPath":"package_6d919e09aeb40267402d4769365e1ed1ed28f9f6/managed/System.Net.Http.clr"},"Patterns":null},"System.Net.Http.pdb":{"Children":null,"Asset":{"ContentRootIndex":0,"SubPath":"package_6d919e09aeb40267402d4769365e1ed1ed28f9f6/managed/System.Net.Http.pdb"},"Patterns":null},"System.Net.Primitives.clr":{"Children":null,"Asset":{"ContentRootIndex":0,"SubPath":"package_6d919e09aeb40267402d4769365e1ed1ed28f9f6/managed/System.Net.Primitives.clr"},"Patterns":null},"System.Net.Primitives.pdb":{"Children":null,"Asset":{"ContentRootIndex":0,"SubPath":"package_6d919e09aeb40267402d4769365e1ed1ed28f9f6/managed/System.Net.Primitives.pdb"},"Patterns":null},"System.Net.Security.clr":{"Children":null,"Asset":{"ContentRootIndex":0,"SubPath":"package_6d919e09aeb40267402d4769365e1ed1ed28f9f6/managed/System.Net.Security.clr"},"Patterns":null},"System.Net.Security.pdb":{"Children":null,"Asset":{"ContentRootIndex":0,"SubPath":"package_6d919e09aeb40267402d4769365e1ed1ed28f9f6/managed/System.Net.Security.pdb"},"Patterns":null},"System.ObjectModel.clr":{"Children":null,"Asset":{"ContentRootIndex":0,"SubPath":"package_6d919e09aeb40267402d4769365e1ed1ed28f9f6/managed/System.ObjectModel.clr"},"Patterns":null},"System.ObjectModel.pdb":{"Children":null,"Asset":{"ContentRootIndex":0,"SubPath":"package_6d919e09aeb40267402d4769365e1ed1ed28f9f6/managed/System.ObjectModel.pdb"},"Patterns":null},"System.pdb":{"Children":null,"Asset":{"ContentRootIndex":0,"SubPath":"package_6d919e09aeb40267402d4769365e1ed1ed28f9f6/managed/System.pdb"},"Patterns":null},"System.Private.CoreLib.clr":{"Children":null,"Asset":{"ContentRootIndex":0,"SubPath":"package_6d919e09aeb40267402d4769365e1ed1ed28f9f6/managed/System.Private.CoreLib.clr"},"Patterns":null},"System.Private.CoreLib.pdb":{"Children":null,"Asset":{"ContentRootIndex":0,"SubPath":"package_6d919e09aeb40267402d4769365e1ed1ed28f9f6/managed/System.Private.CoreLib.pdb"},"Patterns":null},"System.Private.Uri.clr":{"Children":null,"Asset":{"ContentRootIndex":0,"SubPath":"package_6d919e09aeb40267402d4769365e1ed1ed28f9f6/managed/System.Private.Uri.clr"},"Patterns":null},"System.Private.Uri.pdb":{"Children":null,"Asset":{"ContentRootIndex":0,"SubPath":"package_6d919e09aeb40267402d4769365e1ed1ed28f9f6/managed/System.Private.Uri.pdb"},"Patterns":null},"System.Private.Xml.clr":{"Children":null,"Asset":{"ContentRootIndex":0,"SubPath":"package_6d919e09aeb40267402d4769365e1ed1ed28f9f6/managed/System.Private.Xml.clr"},"Patterns":null},"System.Private.Xml.pdb":{"Children":null,"Asset":{"ContentRootIndex":0,"SubPath":"package_6d919e09aeb40267402d4769365e1ed1ed28f9f6/managed/System.Private.Xml.pdb"},"Patterns":null},"System.Runtime.InteropServices.JavaScript.clr":{"Children":null,"Asset":{"ContentRootIndex":0,"SubPath":"package_6d919e09aeb40267402d4769365e1ed1ed28f9f6/managed/System.Runtime.InteropServices.JavaScript.clr"},"Patterns":null},"System.Runtime.InteropServices.JavaScript.pdb":{"Children":null,"Asset":{"ContentRootIndex":0,"SubPath":"package_6d919e09aeb40267402d4769365e1ed1ed28f9f6/managed/System.Runtime.InteropServices.JavaScript.pdb"},"Patterns":null},"System.Text.Encodings.Web.clr":{"Children":null,"Asset":{"ContentRootIndex":0,"SubPath":"package_6d919e09aeb40267402d4769365e1ed1ed28f9f6/managed/System.Text.Encodings.Web.clr"},"Patterns":null},"System.Text.Encodings.Web.pdb":{"Children":null,"Asset":{"ContentRootIndex":0,"SubPath":"package_6d919e09aeb40267402d4769365e1ed1ed28f9f6/managed/System.Text.Encodings.Web.pdb"},"Patterns":null},"System.Text.Json.clr":{"Children":null,"Asset":{"ContentRootIndex":0,"SubPath":"package_6d919e09aeb40267402d4769365e1ed1ed28f9f6/managed/System.Text.Json.clr"},"Patterns":null},"System.Text.Json.pdb":{"Children":null,"Asset":{"ContentRootIndex":0,"SubPath":"package_6d919e09aeb40267402d4769365e1ed1ed28f9f6/managed/System.Text.Json.pdb"},"Patterns":null},"System.Text.RegularExpressions.clr":{"Children":null,"Asset":{"ContentRootIndex":0,"SubPath":"package_6d919e09aeb40267402d4769365e1ed1ed28f9f6/managed/System.Text.RegularExpressions.clr"},"Patterns":null},"System.Text.RegularExpressions.pdb":{"Children":null,"Asset":{"ContentRootIndex":0,"SubPath":"package_6d919e09aeb40267402d4769365e1ed1ed28f9f6/managed/System.Text.RegularExpressions.pdb"},"Patterns":null},"System.Web.HttpUtility.clr":{"Children":null,"Asset":{"ContentRootIndex":0,"SubPath":"package_6d919e09aeb40267402d4769365e1ed1ed28f9f6/managed/System.Web.HttpUtility.clr"},"Patterns":null},"System.Web.HttpUtility.pdb":{"Children":null,"Asset":{"ContentRootIndex":0,"SubPath":"package_6d919e09aeb40267402d4769365e1ed1ed28f9f6/managed/System.Web.HttpUtility.pdb"},"Patterns":null},"TestUno.clr":{"Children":null,"Asset":{"ContentRootIndex":0,"SubPath":"package_6d919e09aeb40267402d4769365e1ed1ed28f9f6/managed/TestUno.clr"},"Patterns":null},"TestUno.pdb":{"Children":null,"Asset":{"ContentRootIndex":0,"SubPath":"package_6d919e09aeb40267402d4769365e1ed1ed28f9f6/managed/TestUno.pdb"},"Patterns":null},"TestUno.Wasm.clr":{"Children":null,"Asset":{"ContentRootIndex":0,"SubPath":"package_6d919e09aeb40267402d4769365e1ed1ed28f9f6/managed/TestUno.Wasm.clr"},"Patterns":null},"Uno.clr":{"Children":null,"Asset":{"ContentRootIndex":0,"SubPath":"package_6d919e09aeb40267402d4769365e1ed1ed28f9f6/managed/Uno.clr"},"Patterns":null},"Uno.Diagnostics.Eventing.clr":{"Children":null,"Asset":{"ContentRootIndex":0,"SubPath":"package_6d919e09aeb40267402d4769365e1ed1ed28f9f6/managed/Uno.Diagnostics.Eventing.clr"},"Patterns":null},"Uno.Diagnostics.Eventing.pdb":{"Children":null,"Asset":{"ContentRootIndex":0,"SubPath":"package_6d919e09aeb40267402d4769365e1ed1ed28f9f6/managed/Uno.Diagnostics.Eventing.pdb"},"Patterns":null},"Uno.Foundation.clr":{"Children":null,"Asset":{"ContentRootIndex":0,"SubPath":"package_6d919e09aeb40267402d4769365e1ed1ed28f9f6/managed/Uno.Foundation.clr"},"Patterns":null},"Uno.Foundation.Logging.clr":{"Children":null,"Asset":{"ContentRootIndex":0,"SubPath":"package_6d919e09aeb40267402d4769365e1ed1ed28f9f6/managed/Uno.Foundation.Logging.clr"},"Patterns":null},"Uno.Foundation.Logging.dll.config":{"Children":null,"Asset":{"ContentRootIndex":0,"SubPath":"package_6d919e09aeb40267402d4769365e1ed1ed28f9f6/managed/Uno.Foundation.Logging.dll.config"},"Patterns":null},"Uno.Foundation.Logging.pdb":{"Children":null,"Asset":{"ContentRootIndex":0,"SubPath":"package_6d919e09aeb40267402d4769365e1ed1ed28f9f6/managed/Uno.Foundation.Logging.pdb"},"Patterns":null},"Uno.Foundation.pdb":{"Children":null,"Asset":{"ContentRootIndex":0,"SubPath":"package_6d919e09aeb40267402d4769365e1ed1ed28f9f6/managed/Uno.Foundation.pdb"},"Patterns":null},"Uno.Foundation.Runtime.WebAssembly.clr":{"Children":null,"Asset":{"ContentRootIndex":0,"SubPath":"package_6d919e09aeb40267402d4769365e1ed1ed28f9f6/managed/Uno.Foundation.Runtime.WebAssembly.clr"},"Patterns":null},"Uno.Foundation.Runtime.WebAssembly.pdb":{"Children":null,"Asset":{"ContentRootIndex":0,"SubPath":"package_6d919e09aeb40267402d4769365e1ed1ed28f9f6/managed/Uno.Foundation.Runtime.WebAssembly.pdb"},"Patterns":null},"Uno.pdb":{"Children":null,"Asset":{"ContentRootIndex":0,"SubPath":"package_6d919e09aeb40267402d4769365e1ed1ed28f9f6/managed/Uno.pdb"},"Patterns":null},"Uno.UI.clr":{"Children":null,"Asset":{"ContentRootIndex":0,"SubPath":"package_6d919e09aeb40267402d4769365e1ed1ed28f9f6/managed/Uno.UI.clr"},"Patterns":null},"Uno.UI.Composition.clr":{"Children":null,"Asset":{"ContentRootIndex":0,"SubPath":"package_6d919e09aeb40267402d4769365e1ed1ed28f9f6/managed/Uno.UI.Composition.clr"},"Patterns":null},"Uno.UI.Composition.pdb":{"Children":null,"Asset":{"ContentRootIndex":0,"SubPath":"package_6d919e09aeb40267402d4769365e1ed1ed28f9f6/managed/Uno.UI.Composition.pdb"},"Patterns":null},"Uno.UI.Dispatching.clr":{"Children":null,"Asset":{"ContentRootIndex":0,"SubPath":"package_6d919e09aeb40267402d4769365e1ed1ed28f9f6/managed/Uno.UI.Dispatching.clr"},"Patterns":null},"Uno.UI.Dispatching.pdb":{"Children":null,"Asset":{"ContentRootIndex":0,"SubPath":"package_6d919e09aeb40267402d4769365e1ed1ed28f9f6/managed/Uno.UI.Dispatching.pdb"},"Patterns":null},"Uno.UI.FluentTheme.v2.clr":{"Children":null,"Asset":{"ContentRootIndex":0,"SubPath":"package_6d919e09aeb40267402d4769365e1ed1ed28f9f6/managed/Uno.UI.FluentTheme.v2.clr"},"Patterns":null},"Uno.UI.FluentTheme.v2.pdb":{"Children":null,"Asset":{"ContentRootIndex":0,"SubPath":"package_6d919e09aeb40267402d4769365e1ed1ed28f9f6/managed/Uno.UI.FluentTheme.v2.pdb"},"Patterns":null},"Uno.UI.Lottie.clr":{"Children":null,"Asset":{"ContentRootIndex":0,"SubPath":"package_6d919e09aeb40267402d4769365e1ed1ed28f9f6/managed/Uno.UI.Lottie.clr"},"Patterns":null},"Uno.UI.Lottie.dll.config":{"Children":null,"Asset":{"ContentRootIndex":0,"SubPath":"package_6d919e09aeb40267402d4769365e1ed1ed28f9f6/managed/Uno.UI.Lottie.dll.config"},"Patterns":null},"Uno.UI.Lottie.pdb":{"Children":null,"Asset":{"ContentRootIndex":0,"SubPath":"package_6d919e09aeb40267402d4769365e1ed1ed28f9f6/managed/Uno.UI.Lottie.pdb"},"Patterns":null},"Uno.UI.pdb":{"Children":null,"Asset":{"ContentRootIndex":0,"SubPath":"package_6d919e09aeb40267402d4769365e1ed1ed28f9f6/managed/Uno.UI.pdb"},"Patterns":null},"Uno.UI.Runtime.WebAssembly.clr":{"Children":null,"Asset":{"ContentRootIndex":0,"SubPath":"package_6d919e09aeb40267402d4769365e1ed1ed28f9f6/managed/Uno.UI.Runtime.WebAssembly.clr"},"Patterns":null},"Uno.UI.Runtime.WebAssembly.pdb":{"Children":null,"Asset":{"ContentRootIndex":0,"SubPath":"package_6d919e09aeb40267402d4769365e1ed1ed28f9f6/managed/Uno.UI.Runtime.WebAssembly.pdb"},"Patterns":null},"Uno.UI.Toolkit.clr":{"Children":null,"Asset":{"ContentRootIndex":0,"SubPath":"package_6d919e09aeb40267402d4769365e1ed1ed28f9f6/managed/Uno.UI.Toolkit.clr"},"Patterns":null},"Uno.UI.Toolkit.pdb":{"Children":null,"Asset":{"ContentRootIndex":0,"SubPath":"package_6d919e09aeb40267402d4769365e1ed1ed28f9f6/managed/Uno.UI.Toolkit.pdb"},"Patterns":null},"Uno.Wasm.TimezoneData.clr":{"Children":null,"Asset":{"ContentRootIndex":0,"SubPath":"package_6d919e09aeb40267402d4769365e1ed1ed28f9f6/managed/Uno.Wasm.TimezoneData.clr"},"Patterns":null},"Uno.Wasm.TimezoneData.pdb":{"Children":null,"Asset":{"ContentRootIndex":0,"SubPath":"package_6d919e09aeb40267402d4769365e1ed1ed28f9f6/managed/Uno.Wasm.TimezoneData.pdb"},"Patterns":null},"Uno.Xaml.clr":{"Children":null,"Asset":{"ContentRootIndex":0,"SubPath":"package_6d919e09aeb40267402d4769365e1ed1ed28f9f6/managed/Uno.Xaml.clr"},"Patterns":null},"Uno.Xaml.pdb":{"Children":null,"Asset":{"ContentRootIndex":0,"SubPath":"package_6d919e09aeb40267402d4769365e1ed1ed28f9f6/managed/Uno.Xaml.pdb"},"Patterns":null}},"Asset":null,"Patterns":null},"obj":{"Children":{"uno-bootstrap.d.ts":{"Children":null,"Asset":{"ContentRootIndex":0,"SubPath":"package_6d919e09aeb40267402d4769365e1ed1ed28f9f6/obj/uno-bootstrap.d.ts"},"Patterns":null},"uno-bootstrap.js":{"Children":null,"Asset":{"ContentRootIndex":0,"SubPath":"package_6d919e09aeb40267402d4769365e1ed1ed28f9f6/obj/uno-bootstrap.js"},"Patterns":null}},"Asset":null,"Patterns":null},"Uno.Fonts.Fluent":{"Children":{"Fonts":{"Children":{"uno-fluentui-assets.ttf":{"Children":null,"Asset":{"ContentRootIndex":0,"SubPath":"package_6d919e09aeb40267402d4769365e1ed1ed28f9f6/Uno.Fonts.Fluent/Fonts/uno-fluentui-assets.ttf"},"Patterns":null}},"Asset":null,"Patterns":null}},"Asset":null,"Patterns":null}},"Asset":null,"Patterns":null},"_compressed_br":{"Children":{"package_6d919e09aeb40267402d4769365e1ed1ed28f9f6":{"Children":{"AppManifest.js":{"Children":null,"Asset":{"ContentRootIndex":0,"SubPath":"_compressed_br/package_6d919e09aeb40267402d4769365e1ed1ed28f9f6/AppManifest.js"},"Patterns":null},"dotnet.js":{"Children":null,"Asset":{"ContentRootIndex":0,"SubPath":"_compressed_br/package_6d919e09aeb40267402d4769365e1ed1ed28f9f6/dotnet.js"},"Patterns":null},"dotnet.wasm":{"Children":null,"Asset":{"ContentRootIndex":0,"SubPath":"_compressed_br/package_6d919e09aeb40267402d4769365e1ed1ed28f9f6/dotnet.wasm"},"Patterns":null},"emcc-props.json":{"Children":null,"Asset":{"ContentRootIndex":0,"SubPath":"_compressed_br/package_6d919e09aeb40267402d4769365e1ed1ed28f9f6/emcc-props.json"},"Patterns":null},"Fonts.css":{"Children":null,"Asset":{"ContentRootIndex":0,"SubPath":"_compressed_br/package_6d919e09aeb40267402d4769365e1ed1ed28f9f6/Fonts.css"},"Patterns":null},"icudt.dat":{"Children":null,"Asset":{"ContentRootIndex":0,"SubPath":"_compressed_br/package_6d919e09aeb40267402d4769365e1ed1ed28f9f6/icudt.dat"},"Patterns":null},"icudt_CJK.dat":{"Children":null,"Asset":{"ContentRootIndex":0,"SubPath":"_compressed_br/package_6d919e09aeb40267402d4769365e1ed1ed28f9f6/icudt_CJK.dat"},"Patterns":null},"icudt_EFIGS.dat":{"Children":null,"Asset":{"ContentRootIndex":0,"SubPath":"_compressed_br/package_6d919e09aeb40267402d4769365e1ed1ed28f9f6/icudt_EFIGS.dat"},"Patterns":null},"icudt_no_CJK.dat":{"Children":null,"Asset":{"ContentRootIndex":0,"SubPath":"_compressed_br/package_6d919e09aeb40267402d4769365e1ed1ed28f9f6/icudt_no_CJK.dat"},"Patterns":null},"jquery-pep.js":{"Children":null,"Asset":{"ContentRootIndex":0,"SubPath":"_compressed_br/package_6d919e09aeb40267402d4769365e1ed1ed28f9f6/jquery-pep.js"},"Patterns":null},"lottie.js":{"Children":null,"Asset":{"ContentRootIndex":0,"SubPath":"_compressed_br/package_6d919e09aeb40267402d4769365e1ed1ed28f9f6/lottie.js"},"Patterns":null},"mono-config.json":{"Children":null,"Asset":{"ContentRootIndex":0,"SubPath":"_compressed_br/package_6d919e09aeb40267402d4769365e1ed1ed28f9f6/mono-config.json"},"Patterns":null},"normalize.css":{"Children":null,"Asset":{"ContentRootIndex":0,"SubPath":"_compressed_br/package_6d919e09aeb40267402d4769365e1ed1ed28f9f6/normalize.css"},"Patterns":null},"package.json":{"Children":null,"Asset":{"ContentRootIndex":0,"SubPath":"_compressed_br/package_6d919e09aeb40267402d4769365e1ed1ed28f9f6/package.json"},"Patterns":null},"pal_random.lib.js":{"Children":null,"Asset":{"ContentRootIndex":0,"SubPath":"_compressed_br/package_6d919e09aeb40267402d4769365e1ed1ed28f9f6/pal_random.lib.js"},"Patterns":null},"require.js":{"Children":null,"Asset":{"ContentRootIndex":0,"SubPath":"_compressed_br/package_6d919e09aeb40267402d4769365e1ed1ed28f9f6/require.js"},"Patterns":null},"runtime.js":{"Children":null,"Asset":{"ContentRootIndex":0,"SubPath":"_compressed_br/package_6d919e09aeb40267402d4769365e1ed1ed28f9f6/runtime.js"},"Patterns":null},"setImmediate.js":{"Children":null,"Asset":{"ContentRootIndex":0,"SubPath":"_compressed_br/package_6d919e09aeb40267402d4769365e1ed1ed28f9f6/setImmediate.js"},"Patterns":null},"uno-assets.txt":{"Children":null,"Asset":{"ContentRootIndex":0,"SubPath":"_compressed_br/package_6d919e09aeb40267402d4769365e1ed1ed28f9f6/uno-assets.txt"},"Patterns":null},"uno-bootstrap.css":{"Children":null,"Asset":{"ContentRootIndex":0,"SubPath":"_compressed_br/package_6d919e09aeb40267402d4769365e1ed1ed28f9f6/uno-bootstrap.css"},"Patterns":null},"uno-bootstrap.js":{"Children":null,"Asset":{"ContentRootIndex":0,"SubPath":"_compressed_br/package_6d919e09aeb40267402d4769365e1ed1ed28f9f6/uno-bootstrap.js"},"Patterns":null},"uno-config.js":{"Children":null,"Asset":{"ContentRootIndex":0,"SubPath":"_compressed_br/package_6d919e09aeb40267402d4769365e1ed1ed28f9f6/uno-config.js"},"Patterns":null},"uno-lottie.js":{"Children":null,"Asset":{"ContentRootIndex":0,"SubPath":"_compressed_br/package_6d919e09aeb40267402d4769365e1ed1ed28f9f6/uno-lottie.js"},"Patterns":null},"Uno.UI.css":{"Children":null,"Asset":{"ContentRootIndex":0,"SubPath":"_compressed_br/package_6d919e09aeb40267402d4769365e1ed1ed28f9f6/Uno.UI.css"},"Patterns":null},"Uno.UI.js":{"Children":null,"Asset":{"ContentRootIndex":0,"SubPath":"_compressed_br/package_6d919e09aeb40267402d4769365e1ed1ed28f9f6/Uno.UI.js"},"Patterns":null},"managed":{"Children":{"Microsoft.Extensions.DependencyInjection.Abstractions.clr":{"Children":null,"Asset":{"ContentRootIndex":0,"SubPath":"_compressed_br/package_6d919e09aeb40267402d4769365e1ed1ed28f9f6/managed/Microsoft.Extensions.DependencyInjection.Abstractions.clr"},"Patterns":null},"Microsoft.Extensions.Options.clr":{"Children":null,"Asset":{"ContentRootIndex":0,"SubPath":"_compressed_br/package_6d919e09aeb40267402d4769365e1ed1ed28f9f6/managed/Microsoft.Extensions.Options.clr"},"Patterns":null},"Microsoft.Extensions.Primitives.clr":{"Children":null,"Asset":{"ContentRootIndex":0,"SubPath":"_compressed_br/package_6d919e09aeb40267402d4769365e1ed1ed28f9f6/managed/Microsoft.Extensions.Primitives.clr"},"Patterns":null},"netstandard.clr":{"Children":null,"Asset":{"ContentRootIndex":0,"SubPath":"_compressed_br/package_6d919e09aeb40267402d4769365e1ed1ed28f9f6/managed/netstandard.clr"},"Patterns":null},"System.clr":{"Children":null,"Asset":{"ContentRootIndex":0,"SubPath":"_compressed_br/package_6d919e09aeb40267402d4769365e1ed1ed28f9f6/managed/System.clr"},"Patterns":null},"System.Collections.clr":{"Children":null,"Asset":{"ContentRootIndex":0,"SubPath":"_compressed_br/package_6d919e09aeb40267402d4769365e1ed1ed28f9f6/managed/System.Collections.clr"},"Patterns":null},"System.Collections.Concurrent.clr":{"Children":null,"Asset":{"ContentRootIndex":0,"SubPath":"_compressed_br/package_6d919e09aeb40267402d4769365e1ed1ed28f9f6/managed/System.Collections.Concurrent.clr"},"Patterns":null},"System.Collections.Immutable.clr":{"Children":null,"Asset":{"ContentRootIndex":0,"SubPath":"_compressed_br/package_6d919e09aeb40267402d4769365e1ed1ed28f9f6/managed/System.Collections.Immutable.clr"},"Patterns":null},"System.Collections.NonGeneric.clr":{"Children":null,"Asset":{"ContentRootIndex":0,"SubPath":"_compressed_br/package_6d919e09aeb40267402d4769365e1ed1ed28f9f6/managed/System.Collections.NonGeneric.clr"},"Patterns":null},"System.Collections.Specialized.clr":{"Children":null,"Asset":{"ContentRootIndex":0,"SubPath":"_compressed_br/package_6d919e09aeb40267402d4769365e1ed1ed28f9f6/managed/System.Collections.Specialized.clr"},"Patterns":null},"System.ComponentModel.clr":{"Children":null,"Asset":{"ContentRootIndex":0,"SubPath":"_compressed_br/package_6d919e09aeb40267402d4769365e1ed1ed28f9f6/managed/System.ComponentModel.clr"},"Patterns":null},"System.ComponentModel.Primitives.clr":{"Children":null,"Asset":{"ContentRootIndex":0,"SubPath":"_compressed_br/package_6d919e09aeb40267402d4769365e1ed1ed28f9f6/managed/System.ComponentModel.Primitives.clr"},"Patterns":null},"System.ComponentModel.TypeConverter.clr":{"Children":null,"Asset":{"ContentRootIndex":0,"SubPath":"_compressed_br/package_6d919e09aeb40267402d4769365e1ed1ed28f9f6/managed/System.ComponentModel.TypeConverter.clr"},"Patterns":null},"System.Console.clr":{"Children":null,"Asset":{"ContentRootIndex":0,"SubPath":"_compressed_br/package_6d919e09aeb40267402d4769365e1ed1ed28f9f6/managed/System.Console.clr"},"Patterns":null},"System.Core.clr":{"Children":null,"Asset":{"ContentRootIndex":0,"SubPath":"_compressed_br/package_6d919e09aeb40267402d4769365e1ed1ed28f9f6/managed/System.Core.clr"},"Patterns":null},"System.Drawing.clr":{"Children":null,"Asset":{"ContentRootIndex":0,"SubPath":"_compressed_br/package_6d919e09aeb40267402d4769365e1ed1ed28f9f6/managed/System.Drawing.clr"},"Patterns":null},"System.Drawing.Primitives.clr":{"Children":null,"Asset":{"ContentRootIndex":0,"SubPath":"_compressed_br/package_6d919e09aeb40267402d4769365e1ed1ed28f9f6/managed/System.Drawing.Primitives.clr"},"Patterns":null},"System.Linq.clr":{"Children":null,"Asset":{"ContentRootIndex":0,"SubPath":"_compressed_br/package_6d919e09aeb40267402d4769365e1ed1ed28f9f6/managed/System.Linq.clr"},"Patterns":null},"System.Linq.Expressions.clr":{"Children":null,"Asset":{"ContentRootIndex":0,"SubPath":"_compressed_br/package_6d919e09aeb40267402d4769365e1ed1ed28f9f6/managed/System.Linq.Expressions.clr"},"Patterns":null},"System.Linq.Queryable.clr":{"Children":null,"Asset":{"ContentRootIndex":0,"SubPath":"_compressed_br/package_6d919e09aeb40267402d4769365e1ed1ed28f9f6/managed/System.Linq.Queryable.clr"},"Patterns":null},"System.Memory.clr":{"Children":null,"Asset":{"ContentRootIndex":0,"SubPath":"_compressed_br/package_6d919e09aeb40267402d4769365e1ed1ed28f9f6/managed/System.Memory.clr"},"Patterns":null},"System.Net.Http.clr":{"Children":null,"Asset":{"ContentRootIndex":0,"SubPath":"_compressed_br/package_6d919e09aeb40267402d4769365e1ed1ed28f9f6/managed/System.Net.Http.clr"},"Patterns":null},"System.Net.Primitives.clr":{"Children":null,"Asset":{"ContentRootIndex":0,"SubPath":"_compressed_br/package_6d919e09aeb40267402d4769365e1ed1ed28f9f6/managed/System.Net.Primitives.clr"},"Patterns":null},"System.Net.Security.clr":{"Children":null,"Asset":{"ContentRootIndex":0,"SubPath":"_compressed_br/package_6d919e09aeb40267402d4769365e1ed1ed28f9f6/managed/System.Net.Security.clr"},"Patterns":null},"System.ObjectModel.clr":{"Children":null,"Asset":{"ContentRootIndex":0,"SubPath":"_compressed_br/package_6d919e09aeb40267402d4769365e1ed1ed28f9f6/managed/System.ObjectModel.clr"},"Patterns":null},"System.Private.CoreLib.clr":{"Children":null,"Asset":{"ContentRootIndex":0,"SubPath":"_compressed_br/package_6d919e09aeb40267402d4769365e1ed1ed28f9f6/managed/System.Private.CoreLib.clr"},"Patterns":null},"System.Private.Uri.clr":{"Children":null,"Asset":{"ContentRootIndex":0,"SubPath":"_compressed_br/package_6d919e09aeb40267402d4769365e1ed1ed28f9f6/managed/System.Private.Uri.clr"},"Patterns":null},"System.Private.Xml.clr":{"Children":null,"Asset":{"ContentRootIndex":0,"SubPath":"_compressed_br/package_6d919e09aeb40267402d4769365e1ed1ed28f9f6/managed/System.Private.Xml.clr"},"Patterns":null},"System.Runtime.InteropServices.JavaScript.clr":{"Children":null,"Asset":{"ContentRootIndex":0,"SubPath":"_compressed_br/package_6d919e09aeb40267402d4769365e1ed1ed28f9f6/managed/System.Runtime.InteropServices.JavaScript.clr"},"Patterns":null},"System.Text.Encodings.Web.clr":{"Children":null,"Asset":{"ContentRootIndex":0,"SubPath":"_compressed_br/package_6d919e09aeb40267402d4769365e1ed1ed28f9f6/managed/System.Text.Encodings.Web.clr"},"Patterns":null},"System.Text.Json.clr":{"Children":null,"Asset":{"ContentRootIndex":0,"SubPath":"_compressed_br/package_6d919e09aeb40267402d4769365e1ed1ed28f9f6/managed/System.Text.Json.clr"},"Patterns":null},"System.Text.RegularExpressions.clr":{"Children":null,"Asset":{"ContentRootIndex":0,"SubPath":"_compressed_br/package_6d919e09aeb40267402d4769365e1ed1ed28f9f6/managed/System.Text.RegularExpressions.clr"},"Patterns":null},"System.Web.HttpUtility.clr":{"Children":null,"Asset":{"ContentRootIndex":0,"SubPath":"_compressed_br/package_6d919e09aeb40267402d4769365e1ed1ed28f9f6/managed/System.Web.HttpUtility.clr"},"Patterns":null},"TestUno.clr":{"Children":null,"Asset":{"ContentRootIndex":0,"SubPath":"_compressed_br/package_6d919e09aeb40267402d4769365e1ed1ed28f9f6/managed/TestUno.clr"},"Patterns":null},"TestUno.Wasm.clr":{"Children":null,"Asset":{"ContentRootIndex":0,"SubPath":"_compressed_br/package_6d919e09aeb40267402d4769365e1ed1ed28f9f6/managed/TestUno.Wasm.clr"},"Patterns":null},"Uno.clr":{"Children":null,"Asset":{"ContentRootIndex":0,"SubPath":"_compressed_br/package_6d919e09aeb40267402d4769365e1ed1ed28f9f6/managed/Uno.clr"},"Patterns":null},"Uno.Diagnostics.Eventing.clr":{"Children":null,"Asset":{"ContentRootIndex":0,"SubPath":"_compressed_br/package_6d919e09aeb40267402d4769365e1ed1ed28f9f6/managed/Uno.Diagnostics.Eventing.clr"},"Patterns":null},"Uno.Foundation.clr":{"Children":null,"Asset":{"ContentRootIndex":0,"SubPath":"_compressed_br/package_6d919e09aeb40267402d4769365e1ed1ed28f9f6/managed/Uno.Foundation.clr"},"Patterns":null},"Uno.Foundation.Logging.clr":{"Children":null,"Asset":{"ContentRootIndex":0,"SubPath":"_compressed_br/package_6d919e09aeb40267402d4769365e1ed1ed28f9f6/managed/Uno.Foundation.Logging.clr"},"Patterns":null},"Uno.Foundation.Runtime.WebAssembly.clr":{"Children":null,"Asset":{"ContentRootIndex":0,"SubPath":"_compressed_br/package_6d919e09aeb40267402d4769365e1ed1ed28f9f6/managed/Uno.Foundation.Runtime.WebAssembly.clr"},"Patterns":null},"Uno.UI.clr":{"Children":null,"Asset":{"ContentRootIndex":0,"SubPath":"_compressed_br/package_6d919e09aeb40267402d4769365e1ed1ed28f9f6/managed/Uno.UI.clr"},"Patterns":null},"Uno.UI.Composition.clr":{"Children":null,"Asset":{"ContentRootIndex":0,"SubPath":"_compressed_br/package_6d919e09aeb40267402d4769365e1ed1ed28f9f6/managed/Uno.UI.Composition.clr"},"Patterns":null},"Uno.UI.Dispatching.clr":{"Children":null,"Asset":{"ContentRootIndex":0,"SubPath":"_compressed_br/package_6d919e09aeb40267402d4769365e1ed1ed28f9f6/managed/Uno.UI.Dispatching.clr"},"Patterns":null},"Uno.UI.FluentTheme.v2.clr":{"Children":null,"Asset":{"ContentRootIndex":0,"SubPath":"_compressed_br/package_6d919e09aeb40267402d4769365e1ed1ed28f9f6/managed/Uno.UI.FluentTheme.v2.clr"},"Patterns":null},"Uno.UI.Lottie.clr":{"Children":null,"Asset":{"ContentRootIndex":0,"SubPath":"_compressed_br/package_6d919e09aeb40267402d4769365e1ed1ed28f9f6/managed/Uno.UI.Lottie.clr"},"Patterns":null},"Uno.UI.Runtime.WebAssembly.clr":{"Children":null,"Asset":{"ContentRootIndex":0,"SubPath":"_compressed_br/package_6d919e09aeb40267402d4769365e1ed1ed28f9f6/managed/Uno.UI.Runtime.WebAssembly.clr"},"Patterns":null},"Uno.UI.Toolkit.clr":{"Children":null,"Asset":{"ContentRootIndex":0,"SubPath":"_compressed_br/package_6d919e09aeb40267402d4769365e1ed1ed28f9f6/managed/Uno.UI.Toolkit.clr"},"Patterns":null},"Uno.Wasm.TimezoneData.clr":{"Children":null,"Asset":{"ContentRootIndex":0,"SubPath":"_compressed_br/package_6d919e09aeb40267402d4769365e1ed1ed28f9f6/managed/Uno.Wasm.TimezoneData.clr"},"Patterns":null},"Uno.Xaml.clr":{"Children":null,"Asset":{"ContentRootIndex":0,"SubPath":"_compressed_br/package_6d919e09aeb40267402d4769365e1ed1ed28f9f6/managed/Uno.Xaml.clr"},"Patterns":null}},"Asset":null,"Patterns":null},"obj":{"Children":{"uno-bootstrap.js":{"Children":null,"Asset":{"ContentRootIndex":0,"SubPath":"_compressed_br/package_6d919e09aeb40267402d4769365e1ed1ed28f9f6/obj/uno-bootstrap.js"},"Patterns":null}},"Asset":null,"Patterns":null},"Uno.Fonts.Fluent":{"Children":{"Fonts":{"Children":{"uno-fluentui-assets.ttf":{"Children":null,"Asset":{"ContentRootIndex":0,"SubPath":"_compressed_br/package_6d919e09aeb40267402d4769365e1ed1ed28f9f6/Uno.Fonts.Fluent/Fonts/uno-fluentui-assets.ttf"},"Patterns":null}},"Asset":null,"Patterns":null}},"Asset":null,"Patterns":null}},"Asset":null,"Patterns":null}},"Asset":null,"Patterns":null},"_compressed_gz":{"Children":{"package_6d919e09aeb40267402d4769365e1ed1ed28f9f6":{"Children":{"AppManifest.js":{"Children":null,"Asset":{"ContentRootIndex":0,"SubPath":"_compressed_gz/package_6d919e09aeb40267402d4769365e1ed1ed28f9f6/AppManifest.js"},"Patterns":null},"dotnet.js":{"Children":null,"Asset":{"ContentRootIndex":0,"SubPath":"_compressed_gz/package_6d919e09aeb40267402d4769365e1ed1ed28f9f6/dotnet.js"},"Patterns":null},"dotnet.wasm":{"Children":null,"Asset":{"ContentRootIndex":0,"SubPath":"_compressed_gz/package_6d919e09aeb40267402d4769365e1ed1ed28f9f6/dotnet.wasm"},"Patterns":null},"emcc-props.json":{"Children":null,"Asset":{"ContentRootIndex":0,"SubPath":"_compressed_gz/package_6d919e09aeb40267402d4769365e1ed1ed28f9f6/emcc-props.json"},"Patterns":null},"Fonts.css":{"Children":null,"Asset":{"ContentRootIndex":0,"SubPath":"_compressed_gz/package_6d919e09aeb40267402d4769365e1ed1ed28f9f6/Fonts.css"},"Patterns":null},"icudt.dat":{"Children":null,"Asset":{"ContentRootIndex":0,"SubPath":"_compressed_gz/package_6d919e09aeb40267402d4769365e1ed1ed28f9f6/icudt.dat"},"Patterns":null},"icudt_CJK.dat":{"Children":null,"Asset":{"ContentRootIndex":0,"SubPath":"_compressed_gz/package_6d919e09aeb40267402d4769365e1ed1ed28f9f6/icudt_CJK.dat"},"Patterns":null},"icudt_EFIGS.dat":{"Children":null,"Asset":{"ContentRootIndex":0,"SubPath":"_compressed_gz/package_6d919e09aeb40267402d4769365e1ed1ed28f9f6/icudt_EFIGS.dat"},"Patterns":null},"icudt_no_CJK.dat":{"Children":null,"Asset":{"ContentRootIndex":0,"SubPath":"_compressed_gz/package_6d919e09aeb40267402d4769365e1ed1ed28f9f6/icudt_no_CJK.dat"},"Patterns":null},"jquery-pep.js":{"Children":null,"Asset":{"ContentRootIndex":0,"SubPath":"_compressed_gz/package_6d919e09aeb40267402d4769365e1ed1ed28f9f6/jquery-pep.js"},"Patterns":null},"lottie.js":{"Children":null,"Asset":{"ContentRootIndex":0,"SubPath":"_compressed_gz/package_6d919e09aeb40267402d4769365e1ed1ed28f9f6/lottie.js"},"Patterns":null},"mono-config.json":{"Children":null,"Asset":{"ContentRootIndex":0,"SubPath":"_compressed_gz/package_6d919e09aeb40267402d4769365e1ed1ed28f9f6/mono-config.json"},"Patterns":null},"normalize.css":{"Children":null,"Asset":{"ContentRootIndex":0,"SubPath":"_compressed_gz/package_6d919e09aeb40267402d4769365e1ed1ed28f9f6/normalize.css"},"Patterns":null},"package.json":{"Children":null,"Asset":{"ContentRootIndex":0,"SubPath":"_compressed_gz/package_6d919e09aeb40267402d4769365e1ed1ed28f9f6/package.json"},"Patterns":null},"pal_random.lib.js":{"Children":null,"Asset":{"ContentRootIndex":0,"SubPath":"_compressed_gz/package_6d919e09aeb40267402d4769365e1ed1ed28f9f6/pal_random.lib.js"},"Patterns":null},"require.js":{"Children":null,"Asset":{"ContentRootIndex":0,"SubPath":"_compressed_gz/package_6d919e09aeb40267402d4769365e1ed1ed28f9f6/require.js"},"Patterns":null},"runtime.js":{"Children":null,"Asset":{"ContentRootIndex":0,"SubPath":"_compressed_gz/package_6d919e09aeb40267402d4769365e1ed1ed28f9f6/runtime.js"},"Patterns":null},"setImmediate.js":{"Children":null,"Asset":{"ContentRootIndex":0,"SubPath":"_compressed_gz/package_6d919e09aeb40267402d4769365e1ed1ed28f9f6/setImmediate.js"},"Patterns":null},"uno-assets.txt":{"Children":null,"Asset":{"ContentRootIndex":0,"SubPath":"_compressed_gz/package_6d919e09aeb40267402d4769365e1ed1ed28f9f6/uno-assets.txt"},"Patterns":null},"uno-bootstrap.css":{"Children":null,"Asset":{"ContentRootIndex":0,"SubPath":"_compressed_gz/package_6d919e09aeb40267402d4769365e1ed1ed28f9f6/uno-bootstrap.css"},"Patterns":null},"uno-bootstrap.js":{"Children":null,"Asset":{"ContentRootIndex":0,"SubPath":"_compressed_gz/package_6d919e09aeb40267402d4769365e1ed1ed28f9f6/uno-bootstrap.js"},"Patterns":null},"uno-config.js":{"Children":null,"Asset":{"ContentRootIndex":0,"SubPath":"_compressed_gz/package_6d919e09aeb40267402d4769365e1ed1ed28f9f6/uno-config.js"},"Patterns":null},"uno-lottie.js":{"Children":null,"Asset":{"ContentRootIndex":0,"SubPath":"_compressed_gz/package_6d919e09aeb40267402d4769365e1ed1ed28f9f6/uno-lottie.js"},"Patterns":null},"Uno.UI.css":{"Children":null,"Asset":{"ContentRootIndex":0,"SubPath":"_compressed_gz/package_6d919e09aeb40267402d4769365e1ed1ed28f9f6/Uno.UI.css"},"Patterns":null},"Uno.UI.js":{"Children":null,"Asset":{"ContentRootIndex":0,"SubPath":"_compressed_gz/package_6d919e09aeb40267402d4769365e1ed1ed28f9f6/Uno.UI.js"},"Patterns":null},"managed":{"Children":{"Microsoft.Extensions.DependencyInjection.Abstractions.clr":{"Children":null,"Asset":{"ContentRootIndex":0,"SubPath":"_compressed_gz/package_6d919e09aeb40267402d4769365e1ed1ed28f9f6/managed/Microsoft.Extensions.DependencyInjection.Abstractions.clr"},"Patterns":null},"Microsoft.Extensions.Options.clr":{"Children":null,"Asset":{"ContentRootIndex":0,"SubPath":"_compressed_gz/package_6d919e09aeb40267402d4769365e1ed1ed28f9f6/managed/Microsoft.Extensions.Options.clr"},"Patterns":null},"Microsoft.Extensions.Primitives.clr":{"Children":null,"Asset":{"ContentRootIndex":0,"SubPath":"_compressed_gz/package_6d919e09aeb40267402d4769365e1ed1ed28f9f6/managed/Microsoft.Extensions.Primitives.clr"},"Patterns":null},"netstandard.clr":{"Children":null,"Asset":{"ContentRootIndex":0,"SubPath":"_compressed_gz/package_6d919e09aeb40267402d4769365e1ed1ed28f9f6/managed/netstandard.clr"},"Patterns":null},"System.clr":{"Children":null,"Asset":{"ContentRootIndex":0,"SubPath":"_compressed_gz/package_6d919e09aeb40267402d4769365e1ed1ed28f9f6/managed/System.clr"},"Patterns":null},"System.Collections.clr":{"Children":null,"Asset":{"ContentRootIndex":0,"SubPath":"_compressed_gz/package_6d919e09aeb40267402d4769365e1ed1ed28f9f6/managed/System.Collections.clr"},"Patterns":null},"System.Collections.Concurrent.clr":{"Children":null,"Asset":{"ContentRootIndex":0,"SubPath":"_compressed_gz/package_6d919e09aeb40267402d4769365e1ed1ed28f9f6/managed/System.Collections.Concurrent.clr"},"Patterns":null},"System.Collections.Immutable.clr":{"Children":null,"Asset":{"ContentRootIndex":0,"SubPath":"_compressed_gz/package_6d919e09aeb40267402d4769365e1ed1ed28f9f6/managed/System.Collections.Immutable.clr"},"Patterns":null},"System.Collections.NonGeneric.clr":{"Children":null,"Asset":{"ContentRootIndex":0,"SubPath":"_compressed_gz/package_6d919e09aeb40267402d4769365e1ed1ed28f9f6/managed/System.Collections.NonGeneric.clr"},"Patterns":null},"System.Collections.Specialized.clr":{"Children":null,"Asset":{"ContentRootIndex":0,"SubPath":"_compressed_gz/package_6d919e09aeb40267402d4769365e1ed1ed28f9f6/managed/System.Collections.Specialized.clr"},"Patterns":null},"System.ComponentModel.clr":{"Children":null,"Asset":{"ContentRootIndex":0,"SubPath":"_compressed_gz/package_6d919e09aeb40267402d4769365e1ed1ed28f9f6/managed/System.ComponentModel.clr"},"Patterns":null},"System.ComponentModel.Primitives.clr":{"Children":null,"Asset":{"ContentRootIndex":0,"SubPath":"_compressed_gz/package_6d919e09aeb40267402d4769365e1ed1ed28f9f6/managed/System.ComponentModel.Primitives.clr"},"Patterns":null},"System.ComponentModel.TypeConverter.clr":{"Children":null,"Asset":{"ContentRootIndex":0,"SubPath":"_compressed_gz/package_6d919e09aeb40267402d4769365e1ed1ed28f9f6/managed/System.ComponentModel.TypeConverter.clr"},"Patterns":null},"System.Console.clr":{"Children":null,"Asset":{"ContentRootIndex":0,"SubPath":"_compressed_gz/package_6d919e09aeb40267402d4769365e1ed1ed28f9f6/managed/System.Console.clr"},"Patterns":null},"System.Core.clr":{"Children":null,"Asset":{"ContentRootIndex":0,"SubPath":"_compressed_gz/package_6d919e09aeb40267402d4769365e1ed1ed28f9f6/managed/System.Core.clr"},"Patterns":null},"System.Drawing.clr":{"Children":null,"Asset":{"ContentRootIndex":0,"SubPath":"_compressed_gz/package_6d919e09aeb40267402d4769365e1ed1ed28f9f6/managed/System.Drawing.clr"},"Patterns":null},"System.Drawing.Primitives.clr":{"Children":null,"Asset":{"ContentRootIndex":0,"SubPath":"_compressed_gz/package_6d919e09aeb40267402d4769365e1ed1ed28f9f6/managed/System.Drawing.Primitives.clr"},"Patterns":null},"System.Linq.clr":{"Children":null,"Asset":{"ContentRootIndex":0,"SubPath":"_compressed_gz/package_6d919e09aeb40267402d4769365e1ed1ed28f9f6/managed/System.Linq.clr"},"Patterns":null},"System.Linq.Expressions.clr":{"Children":null,"Asset":{"ContentRootIndex":0,"SubPath":"_compressed_gz/package_6d919e09aeb40267402d4769365e1ed1ed28f9f6/managed/System.Linq.Expressions.clr"},"Patterns":null},"System.Linq.Queryable.clr":{"Children":null,"Asset":{"ContentRootIndex":0,"SubPath":"_compressed_gz/package_6d919e09aeb40267402d4769365e1ed1ed28f9f6/managed/System.Linq.Queryable.clr"},"Patterns":null},"System.Memory.clr":{"Children":null,"Asset":{"ContentRootIndex":0,"SubPath":"_compressed_gz/package_6d919e09aeb40267402d4769365e1ed1ed28f9f6/managed/System.Memory.clr"},"Patterns":null},"System.Net.Http.clr":{"Children":null,"Asset":{"ContentRootIndex":0,"SubPath":"_compressed_gz/package_6d919e09aeb40267402d4769365e1ed1ed28f9f6/managed/System.Net.Http.clr"},"Patterns":null},"System.Net.Primitives.clr":{"Children":null,"Asset":{"ContentRootIndex":0,"SubPath":"_compressed_gz/package_6d919e09aeb40267402d4769365e1ed1ed28f9f6/managed/System.Net.Primitives.clr"},"Patterns":null},"System.Net.Security.clr":{"Children":null,"Asset":{"ContentRootIndex":0,"SubPath":"_compressed_gz/package_6d919e09aeb40267402d4769365e1ed1ed28f9f6/managed/System.Net.Security.clr"},"Patterns":null},"System.ObjectModel.clr":{"Children":null,"Asset":{"ContentRootIndex":0,"SubPath":"_compressed_gz/package_6d919e09aeb40267402d4769365e1ed1ed28f9f6/managed/System.ObjectModel.clr"},"Patterns":null},"System.Private.CoreLib.clr":{"Children":null,"Asset":{"ContentRootIndex":0,"SubPath":"_compressed_gz/package_6d919e09aeb40267402d4769365e1ed1ed28f9f6/managed/System.Private.CoreLib.clr"},"Patterns":null},"System.Private.Uri.clr":{"Children":null,"Asset":{"ContentRootIndex":0,"SubPath":"_compressed_gz/package_6d919e09aeb40267402d4769365e1ed1ed28f9f6/managed/System.Private.Uri.clr"},"Patterns":null},"System.Private.Xml.clr":{"Children":null,"Asset":{"ContentRootIndex":0,"SubPath":"_compressed_gz/package_6d919e09aeb40267402d4769365e1ed1ed28f9f6/managed/System.Private.Xml.clr"},"Patterns":null},"System.Runtime.InteropServices.JavaScript.clr":{"Children":null,"Asset":{"ContentRootIndex":0,"SubPath":"_compressed_gz/package_6d919e09aeb40267402d4769365e1ed1ed28f9f6/managed/System.Runtime.InteropServices.JavaScript.clr"},"Patterns":null},"System.Text.Encodings.Web.clr":{"Children":null,"Asset":{"ContentRootIndex":0,"SubPath":"_compressed_gz/package_6d919e09aeb40267402d4769365e1ed1ed28f9f6/managed/System.Text.Encodings.Web.clr"},"Patterns":null},"System.Text.Json.clr":{"Children":null,"Asset":{"ContentRootIndex":0,"SubPath":"_compressed_gz/package_6d919e09aeb40267402d4769365e1ed1ed28f9f6/managed/System.Text.Json.clr"},"Patterns":null},"System.Text.RegularExpressions.clr":{"Children":null,"Asset":{"ContentRootIndex":0,"SubPath":"_compressed_gz/package_6d919e09aeb40267402d4769365e1ed1ed28f9f6/managed/System.Text.RegularExpressions.clr"},"Patterns":null},"System.Web.HttpUtility.clr":{"Children":null,"Asset":{"ContentRootIndex":0,"SubPath":"_compressed_gz/package_6d919e09aeb40267402d4769365e1ed1ed28f9f6/managed/System.Web.HttpUtility.clr"},"Patterns":null},"TestUno.clr":{"Children":null,"Asset":{"ContentRootIndex":0,"SubPath":"_compressed_gz/package_6d919e09aeb40267402d4769365e1ed1ed28f9f6/managed/TestUno.clr"},"Patterns":null},"TestUno.Wasm.clr":{"Children":null,"Asset":{"ContentRootIndex":0,"SubPath":"_compressed_gz/package_6d919e09aeb40267402d4769365e1ed1ed28f9f6/managed/TestUno.Wasm.clr"},"Patterns":null},"Uno.clr":{"Children":null,"Asset":{"ContentRootIndex":0,"SubPath":"_compressed_gz/package_6d919e09aeb40267402d4769365e1ed1ed28f9f6/managed/Uno.clr"},"Patterns":null},"Uno.Diagnostics.Eventing.clr":{"Children":null,"Asset":{"ContentRootIndex":0,"SubPath":"_compressed_gz/package_6d919e09aeb40267402d4769365e1ed1ed28f9f6/managed/Uno.Diagnostics.Eventing.clr"},"Patterns":null},"Uno.Foundation.clr":{"Children":null,"Asset":{"ContentRootIndex":0,"SubPath":"_compressed_gz/package_6d919e09aeb40267402d4769365e1ed1ed28f9f6/managed/Uno.Foundation.clr"},"Patterns":null},"Uno.Foundation.Logging.clr":{"Children":null,"Asset":{"ContentRootIndex":0,"SubPath":"_compressed_gz/package_6d919e09aeb40267402d4769365e1ed1ed28f9f6/managed/Uno.Foundation.Logging.clr"},"Patterns":null},"Uno.Foundation.Runtime.WebAssembly.clr":{"Children":null,"Asset":{"ContentRootIndex":0,"SubPath":"_compressed_gz/package_6d919e09aeb40267402d4769365e1ed1ed28f9f6/managed/Uno.Foundation.Runtime.WebAssembly.clr"},"Patterns":null},"Uno.UI.clr":{"Children":null,"Asset":{"ContentRootIndex":0,"SubPath":"_compressed_gz/package_6d919e09aeb40267402d4769365e1ed1ed28f9f6/managed/Uno.UI.clr"},"Patterns":null},"Uno.UI.Composition.clr":{"Children":null,"Asset":{"ContentRootIndex":0,"SubPath":"_compressed_gz/package_6d919e09aeb40267402d4769365e1ed1ed28f9f6/managed/Uno.UI.Composition.clr"},"Patterns":null},"Uno.UI.Dispatching.clr":{"Children":null,"Asset":{"ContentRootIndex":0,"SubPath":"_compressed_gz/package_6d919e09aeb40267402d4769365e1ed1ed28f9f6/managed/Uno.UI.Dispatching.clr"},"Patterns":null},"Uno.UI.FluentTheme.v2.clr":{"Children":null,"Asset":{"ContentRootIndex":0,"SubPath":"_compressed_gz/package_6d919e09aeb40267402d4769365e1ed1ed28f9f6/managed/Uno.UI.FluentTheme.v2.clr"},"Patterns":null},"Uno.UI.Lottie.clr":{"Children":null,"Asset":{"ContentRootIndex":0,"SubPath":"_compressed_gz/package_6d919e09aeb40267402d4769365e1ed1ed28f9f6/managed/Uno.UI.Lottie.clr"},"Patterns":null},"Uno.UI.Runtime.WebAssembly.clr":{"Children":null,"Asset":{"ContentRootIndex":0,"SubPath":"_compressed_gz/package_6d919e09aeb40267402d4769365e1ed1ed28f9f6/managed/Uno.UI.Runtime.WebAssembly.clr"},"Patterns":null},"Uno.UI.Toolkit.clr":{"Children":null,"Asset":{"ContentRootIndex":0,"SubPath":"_compressed_gz/package_6d919e09aeb40267402d4769365e1ed1ed28f9f6/managed/Uno.UI.Toolkit.clr"},"Patterns":null},"Uno.Wasm.TimezoneData.clr":{"Children":null,"Asset":{"ContentRootIndex":0,"SubPath":"_compressed_gz/package_6d919e09aeb40267402d4769365e1ed1ed28f9f6/managed/Uno.Wasm.TimezoneData.clr"},"Patterns":null},"Uno.Xaml.clr":{"Children":null,"Asset":{"ContentRootIndex":0,"SubPath":"_compressed_gz/package_6d919e09aeb40267402d4769365e1ed1ed28f9f6/managed/Uno.Xaml.clr"},"Patterns":null}},"Asset":null,"Patterns":null},"obj":{"Children":{"uno-bootstrap.js":{"Children":null,"Asset":{"ContentRootIndex":0,"SubPath":"_compressed_gz/package_6d919e09aeb40267402d4769365e1ed1ed28f9f6/obj/uno-bootstrap.js"},"Patterns":null}},"Asset":null,"Patterns":null},"Uno.Fonts.Fluent":{"Children":{"Fonts":{"Children":{"uno-fluentui-assets.ttf":{"Children":null,"Asset":{"ContentRootIndex":0,"SubPath":"_compressed_gz/package_6d919e09aeb40267402d4769365e1ed1ed28f9f6/Uno.Fonts.Fluent/Fonts/uno-fluentui-assets.ttf"},"Patterns":null}},"Asset":null,"Patterns":null}},"Asset":null,"Patterns":null}},"Asset":null,"Patterns":null}},"Asset":null,"Patterns":null}},"Asset":null,"Patterns":[{"ContentRootIndex":1,"Pattern":"**","Depth":0}]}}